,0.5,1.0,1.5,2.0,2.5,3.0,3.5,4.0,4.5,5.0,5.5,6.0,6.5,7.0,7.5,8.0,8.5,9.0,9.5,10.0,10.5,11.0,11.5,12.0,12.5,13.0,13.5,14.0,14.5,15.0,15.5,16.0,16.5,17.0,17.5,18.0,18.5,19.0,19.5,20.0,20.5,21.0,21.5,22.0,22.5,23.0,23.5,0.0,0.5,1.0,1.5,2.0,2.5,3.0,3.5,4.0,4.5,5.0,5.5,6.0,6.5,7.0,7.5,8.0,8.5,9.0,9.5,10.0,10.5,11.0,11.5,12.0,12.5,13.0,13.5,14.0,14.5,15.0,15.5,16.0,16.5,17.0,17.5,18.0,18.5,19.0,19.5,20.0,20.5,21.0,21.5,22.0,22.5,23.0,23.5,0.0
0,20.1,19.9883103053,19.5,19.4792909045,19.1,19.2777885337,18.8,19.1305320361,18.5,18.9462547383,18.3,18.8765658556,20.2,20.4235948664,24.0,23.05873029,25.1,24.388319007,25.7,24.9424137336,24.9,25.4226764723,25.8,25.6995386581,26.3,25.7697975435,25.9,24.445002809,24.2,23.0857148464,23.0,22.4276966461,22.0,21.8356168858,21.4,21.3469607474,21.5,21.055955958,21.3,20.7985107127,21.0,20.6337954025,20.8,20.4456337551,20.6,20.3585969725,20.4,20.2118705683,20.2,19.9831165488,20.0,19.862686733,19.7,19.5756639398,19.4,19.3427321064,19.2,19.1779269573,19.1,19.1623988235,21.1,20.008853317,24.3,23.7088338789,24.9,24.7162961906,24.3,24.7537866591,23.7,23.7818095351,23.0,22.7058536443,23.6,23.0054176203,24.3,23.0769743658,23.6,22.5996615277,23.4,22.3469201368,22.5,22.0303222542,21.7,21.4664929447,21.6,21.1082324483,21.3,20.8957324744,21.1,20.5724920067,20.8,20.3450796438,20.7,20.168755646,20.5,19.9976525949
1,20.5,20.3268122348,19.9,19.8398152019,19.5,19.6839642562,19.2,19.5661987782,18.9,19.4102671381,18.7,19.3560521517,19.7,20.4919793166,23.4,22.3721245986,24.2,23.467628066,24.7,23.8761013355,23.8,24.1751123078,24.2,24.3921348041,24.5,24.4369051339,24.1,23.5592986787,23.0,22.5703656727,22.4,22.1086981049,21.7,21.6724670141,21.7,21.3040660789,21.9,21.1282857971,21.6,20.9339704774,21.3,20.7880269405,21.1,20.633916141,20.9,20.5630189369,20.7,20.4450829626,20.5,20.2890759937,20.3,20.1832238127,20.0,19.9492702034,19.7,19.7674310055,19.5,19.6259504026,19.5,19.6134774828,20.9,19.9099801613,23.9,22.9496146363,23.9,23.6993512791,23.2,23.642646792,22.7,23.0091056969,22.3,22.2582210156,22.7,22.5236753956,22.9,22.5864364377,22.6,22.2451218143,22.5,22.0704360595,22.0,21.8396220003,21.8,21.439381672,22.0,21.2075914007,21.7,21.0382150539,21.4,20.7781772276,21.1,20.5833567588,21.0,20.4421346114,20.8,20.3006551577
2,20.3,20.5309126821,19.7,19.8282750155,19.3,19.6550780812,18.9,19.5016617297,18.6,19.3301163488,18.4,19.2643968801,20.7,20.4164925544,24.6,22.759111485,24.9,23.9104359202,25.9,24.184426597,24.3,24.5285010885,24.8,24.754551792,25.0,24.8158720414,24.8,23.9407390605,23.7,22.988801039,22.7,22.4554450568,21.9,22.0094668833,21.6,21.5637825228,21.7,21.3522560811,21.4,21.1066941519,21.2,20.9291247958,21.0,20.7749238231,20.8,20.6830404156,20.6,20.5360491725,20.4,20.357962571,20.0,20.2426330433,19.8,20.0134216775,19.5,19.7999475005,19.3,19.6402098422,19.2,19.6316675483,21.5,20.3970559116,24.5,23.2697170641,24.5,24.201846594,23.6,23.9639019292,23.0,23.4008425848,22.7,22.5959463823,23.1,22.6932736328,23.7,22.905747247,23.2,22.606585283,23.0,22.4515633873,22.3,22.1852585932,21.8,21.7447961556,21.8,21.4953648679,21.6,21.2833478182,21.3,20.990539156,21.0,20.7727565969,20.9,20.5971353742,20.6,20.4480962011
3,20.7,20.8356022699,20.0,20.1406771098,19.7,19.9750261581,19.3,19.7899880457,19.0,19.6125850477,19.0,19.5510847735,20.5,20.6896314559,24.4,22.9780866963,25.6,24.024354517,25.8,24.1546497988,23.4,23.9989490827,23.4,24.1242169362,23.4,24.1919911512,23.3,23.496621096,22.4,22.6762443338,21.8,22.2947648329,21.7,21.9904653443,21.5,21.6553871076,21.9,21.6040250618,21.7,21.3989051771,21.4,21.2037948117,21.1,21.0443830549,21.0,20.9558371589,20.7,20.80637806,20.6,20.6576794261,20.3,20.5166384764,20.1,20.3089748316,19.8,20.1083674223,19.6,19.9433435953,19.5,19.9256870521,21.3,20.8229015804,25.4,23.5652511514,24.4,24.1175468247,22.7,23.6720409469,21.7,23.0658317879,21.8,22.425101643,22.3,22.5134768228,22.5,22.5622324361,22.2,22.43089744,22.0,22.365313579,21.8,22.1657184128,21.7,21.8668484663,22.0,21.7665206112,21.7,21.5554405841,21.5,21.2851313856,21.3,21.0909023627,21.1,20.922347907,20.9,20.7769265016
4,20.3,19.8939746853,19.7,19.6176949524,19.4,19.4806078505,19.1,19.3507700938,18.8,19.2099640793,18.7,19.1627047443,19.7,20.6094187198,23.5,22.3812954389,23.7,23.2988450254,24.1,23.7421672039,23.7,24.1059565418,23.7,24.2833016331,23.6,24.3973006773,23.3,23.2996881532,22.6,22.2057746482,22.3,21.7534961767,21.5,21.3116827462,21.0,20.9968538769,21.4,20.8455368391,21.1,20.6484778239,20.9,20.5065759476,20.7,20.3845544999,20.6,20.3091490697,20.3,20.180697917,20.1,20.0107978868,19.9,19.9192810553,19.6,19.6890710151,19.3,19.5053893979,19.0,19.3784084173,19.0,19.3887774178,20.4,20.4242515333,23.8,22.8476070785,24.2,23.6192976811,23.4,23.816363534,21.9,22.9667638084,21.9,22.0722545081,22.3,22.24361729,22.6,22.1430686919,22.3,21.8862773014,22.2,21.7491031942,21.8,21.5010379271,21.5,21.1037672852,21.6,20.9139392193,21.3,20.7344006784,21.1,20.4811495331,20.8,20.3245240669,20.6,20.1830146016,20.4,20.0460929405
5,20.4,20.2423141668,19.7,19.7364326685,19.4,19.5823123897,19.0,19.4051636312,18.7,19.2345144521,18.7,19.1822726526,20.6,20.5549434463,24.3,22.7239619506,24.5,23.7209835734,24.9,23.972320953,23.3,23.9353337841,22.7,24.0472822562,22.5,24.1671143096,22.8,23.2479918674,22.0,22.2224193919,21.9,21.8404888935,21.4,21.4960524736,21.2,21.1980501477,21.4,21.1508805512,21.2,20.9553214069,20.9,20.7678384548,20.7,20.6161444812,20.5,20.5242596837,20.3,20.3755002929,20.1,20.2270019008,19.9,20.0960104242,19.6,19.8676253227,19.3,19.6682701399,19.1,19.5101170632,19.1,19.5073229014,20.7,20.5874543573,24.4,23.3025963104,24.4,23.9111338634,23.0,23.741427515,21.4,22.9552246418,21.6,22.1329037166,21.9,22.2662570289,22.0,22.1099259559,21.8,21.9703170044,21.7,21.9084619039,21.5,21.6979142576,21.5,21.3845253843,21.7,21.298146568,21.4,21.0894210279,21.1,20.8288584324,20.9,20.6458516724,20.7,20.4868674997,20.5,20.3326059734
6,19.8,19.2312187442,19.1,19.026031231,18.7,18.8807526061,18.4,18.7166057472,18.1,18.5524588882,18.0,18.5239970567,20.3,20.291891795,22.7,23.0278706585,23.7,24.0130668335,24.2,24.4485955658,24.4,24.678944664,24.7,24.7104035393,24.3,24.9913593126,22.5,23.3930030549,22.1,21.6371280079,22.0,21.2108857308,20.9,20.7783461633,20.6,20.5225322774,21.1,20.4275689434,20.7,20.2571287336,20.4,20.0804030519,20.3,19.9066704746,20.1,19.7835642699,19.9,19.6415858916,19.7,19.5088782104,19.4,19.3920574776,19.2,19.1110898858,18.9,18.9059063121,18.6,18.7480488645,18.6,18.7669170986,20.2,20.3176440274,24.0,23.6152785088,25.0,24.4929207086,25.1,24.8337932492,22.0,23.6017625013,21.9,22.0699353226,22.0,22.3194479786,22.2,21.4981387944,21.9,21.2896628532,21.9,21.2549116103,21.6,21.0371452744,21.5,20.6708000671,21.3,20.5884076768,21.0,20.3769346917,20.7,20.1717392995,20.4,19.9728490767,20.3,19.8434455816,20.0,19.6445553588
7,19.9,19.4767878332,19.3,19.2730226721,18.9,19.1183656084,18.6,18.956159478,18.3,18.7939533476,18.3,18.757427028,19.9,20.5306263214,23.1,23.5810439837,24.1,24.6036787072,24.5,25.0202669534,25.0,25.2351050348,25.4,25.2507093068,24.8,25.5290311852,23.0,23.7844505313,22.4,21.9356230322,22.8,21.5006290939,21.7,21.0611038039,20.7,20.7888173554,20.9,20.654291136,20.6,20.488561152,20.4,20.3213223105,20.2,20.1321539233,20.0,20.0115068236,19.8,19.8823031592,19.6,19.7306638104,19.3,19.6115255681,19.1,19.3301811955,18.8,19.1274235325,18.5,18.9677337576,18.5,18.9752828243,20.2,20.6304201431,24.6,24.2031960923,25.6,25.0832493911,26.0,25.412694363,22.5,24.051984554,22.3,22.4124562864,22.3,22.6792038852,22.4,21.783482324,22.3,21.5572862579,22.3,21.5182435827,21.8,21.3094457106,21.5,20.9205373754,21.3,20.789028871,21.0,20.5837548524,20.7,20.3779746952,20.4,20.1787408858,20.2,20.0535624344,20.0,19.8543286251
8,19.9,19.5207794475,19.2,19.3197726739,18.9,19.1772223909,18.6,19.0319095251,18.4,18.8821015009,18.4,18.8387380178,19.9,20.5091171415,22.9,22.7868352158,23.4,23.7413855185,23.8,24.1947695964,24.2,24.4926210207,24.5,24.5939058415,23.9,24.7884362288,22.5,23.3550452176,22.0,21.9004609588,22.4,21.4684594269,21.7,21.0230274083,20.8,20.7397338384,21.0,20.606048829,20.8,20.4250909533,20.5,20.2719428212,20.3,20.1225128585,20.1,20.0283987421,19.9,19.8997946662,19.7,19.7330910043,19.4,19.6291477777,19.2,19.3709013686,18.9,19.1791461801,18.6,19.0377509474,18.5,19.0495038468,20.4,20.4225681328,23.5,23.3342442996,24.2,24.1419953629,24.5,24.4539418358,21.8,23.3171556377,21.5,22.0703133567,21.7,22.2904684299,21.8,21.7932944171,21.6,21.5656397668,21.6,21.4779022256,21.3,21.2465843942,21.2,20.8542749142,21.2,20.6964365259,21.0,20.5052588625,20.6,20.2677682855,20.4,20.0981726319,20.2,19.9636570789,20.0,19.7985565836
9,18.4,18.5988066354,17.7,18.3114248041,17.5,18.1187124146,17.2,17.8909002792,16.8,17.6609948142,16.7,17.6297093847,19.0,20.0759100303,22.3,23.439651961,20.7,24.7721697133,21.5,25.4223418758,22.2,25.7935055257,22.5,25.8778228346,22.6,26.2565952817,22.8,24.2339139467,22.4,21.9412275882,22.4,21.3383428066,21.5,20.7307358752,21.1,20.3813186753,22.0,20.2829033845,21.0,20.0336224621,20.4,19.77961939,20.1,19.5598082303,19.6,19.3894724612,19.2,19.1756636276,19.0,19.0070488452,18.8,18.8498085445,18.5,18.4605694491,18.0,18.1710942881,17.9,17.9563776212,18.0,17.9956640263,18.3,19.9925952348,20.3,24.2047570205,21.0,25.4294151826,22.1,25.9175103791,22.2,24.3800177576,22.0,22.424466284,22.3,22.7524146968,22.4,21.7762639748,22.7,21.4848586315,22.8,21.4216377666,22.2,21.0975983502,21.5,20.5998496586,21.5,20.5255319749,21.1,20.2250546753,20.7,19.9334861847,19.9,19.6591998218,20.1,19.4715819249,20.0,19.1993888917
10,17.0,17.7873439975,16.4,17.4805632492,16.1,17.267460785,15.8,17.022361769,15.4,16.7769371704,15.4,16.7373461653,17.4,19.371070151,21.6,23.3078311231,19.7,24.7629199041,20.5,25.4235930977,21.3,25.7787878732,22.0,25.8361309776,22.3,26.2531135402,22.9,23.9342592254,22.2,21.3624273261,22.0,20.7274585613,21.0,20.0829095543,20.5,19.7058758731,21.0,19.5782060747,19.9,19.3209221562,19.3,19.0540579955,19.3,18.8020156914,18.9,18.6182728249,18.4,18.4012310765,18.4,18.2095681744,18.2,18.0367078803,17.5,17.6180974051,16.9,17.3109910743,16.9,17.0767746305,17.2,17.1094223475,17.8,19.3731711683,19.3,24.1681933094,20.5,25.4764518076,21.6,25.989391732,22.3,24.2082464901,22.1,21.9774709686,22.3,22.3423197474,22.2,21.162486512,22.6,20.8557380575,22.6,20.8023342373,21.7,20.4721604318,20.7,19.9324978637,20.4,19.8262676274,20.1,19.5086043068,19.8,19.2011723935,19.3,18.9052742176,19.2,18.7099976138,18.9,18.4144250204
11,18.4,18.6114972465,17.7,18.2242873465,17.5,18.0461161382,17.2,17.8252896568,16.8,17.5796907275,17.0,17.5738638796,18.6,19.6687232821,20.3,21.7918721635,19.5,22.4991760768,19.8,22.9942763748,20.2,23.361679041,20.8,23.632117465,21.1,23.86486583,22.1,22.8552702574,21.2,21.4448767046,21.3,21.1212591331,20.9,20.6064856951,20.4,20.2253708307,21.0,20.2930667393,20.3,19.936523182,20.0,19.703774817,19.8,19.5315645505,19.5,19.3780316962,19.2,19.175949674,19.1,18.9731401117,18.9,18.8196743043,18.6,18.4949269112,18.2,18.2127006975,18.0,18.0226076057,18.3,18.1148077745,18.8,19.5189721979,19.1,22.0457353242,21.0,23.2370356392,21.7,23.7153829334,21.8,22.6847162118,21.4,21.5685378032,21.5,21.7526029063,21.8,21.4708460209,21.6,21.2986357544,21.5,21.2125306211,21.5,20.9868059725,21.0,20.5077311382,21.0,20.3773815578,20.6,20.0891944023,20.4,19.7645140561,20.0,19.5189151269,19.9,19.3476335411,19.6,19.1268070597
12,18.6,18.8099458181,17.9,18.5039032361,17.7,18.3573773085,17.4,18.1148609259,16.9,17.8677091773,16.9,17.8735845416,18.8,20.3724606703,20.2,21.9585637611,20.4,23.137116793,21.8,23.9181349629,22.6,24.381522136,23.1,24.5700909844,23.7,24.9534202441,23.7,23.7062522575,22.6,21.9248932222,22.1,21.3695435223,21.3,20.780651882,21.0,20.510631237,21.2,20.6301231491,20.7,20.3471117772,20.2,20.0351938309,20.0,19.8968609505,19.8,19.7155530843,19.4,19.4289840311,19.2,19.3495419842,19.0,19.1994583753,18.5,18.7999053349,18.0,18.4915450699,17.8,18.2802529446,17.9,18.3808787656,18.4,19.7797116809,19.8,22.5782094118,21.6,23.7952643773,22.3,24.3589694381,22.6,23.4844576673,22.2,22.1306261818,22.4,22.3786933013,22.5,21.8350860646,22.5,21.6435920955,22.5,21.5973840557,22.0,21.2149868611,21.5,20.8261068646,21.7,21.0080472914,21.3,20.668462769,20.9,20.3554671381,20.5,20.0806488134,20.1,19.8611636409,19.8,19.5886629992
13,17.6,18.1946224436,17.1,17.798612458,17.0,17.7090687321,16.6,17.3922607436,16.2,17.0754527552,16.3,17.1477602664,20.1,20.1781196143,18.3,19.0972079597,19.6,20.1716480803,21.0,21.2666870681,21.9,21.9657160704,22.4,22.3444898413,23.0,22.8231490669,23.0,22.664575892,21.6,21.4385416726,20.9,20.8703387211,20.1,20.2263810154,19.9,20.0507408065,20.6,20.567235114,20.1,20.1746723714,19.5,19.7063548746,19.5,19.6891186599,19.2,19.4515126686,18.6,18.9866424147,18.7,19.0486081971,18.5,18.88675696,17.9,18.4080977344,17.4,18.0120877488,17.1,17.7710345145,17.4,17.9982987771,18.3,18.8283230108,18.8,19.5311376175,20.6,20.9705625373,21.6,21.7556880226,21.9,21.8588515395,21.3,21.2560915682,21.4,21.355977023,21.6,21.4247527009,21.6,21.4040692433,21.6,21.4006220004,20.9,20.8531025064,20.6,20.5913658146,21.5,21.2593696304,20.9,20.7876048907,20.4,20.3915949051,20.0,20.0713396737,19.6,19.7579789282,19.2,19.4377236968
14,19.3,19.146386623,18.7,18.8466334378,18.4,18.7372204186,18.1,18.5098901376,17.7,18.2593220687,17.6,18.292621425,19.8,20.6778757978,19.2,20.451588684,20.9,21.5103420949,22.0,22.4712718913,22.3,23.0764874656,23.1,23.4195160771,23.9,23.7293308307,23.7,23.2789341647,22.4,22.105434152,21.7,21.5562651127,21.0,20.9579109572,21.1,20.7274660249,21.8,20.9828475779,21.4,20.6725422152,20.9,20.3394896738,20.7,20.2771283379,20.4,20.1106020672,20.0,19.7786162422,19.8,19.7611731565,19.5,19.6290129586,19.1,19.2346657978,18.6,18.9243604351,18.3,18.7324629434,18.3,18.8736179932,18.9,19.3746084852,20.0,20.9373591603,22.0,22.0844772444,22.6,22.6913356427,22.7,22.4814454773,21.9,21.8512903122,22.3,22.0895778814,22.3,22.1592617558,22.1,21.9574736924,22.1,21.8507702137,21.7,21.4104380861,21.5,21.0832657452,22.1,21.4073794437,21.7,21.0616412918,21.2,20.7248979916,20.8,20.4627110288,20.5,20.2237618538,20.1,19.9731937849
15,19.8,19.7036597544,19.2,19.3886303282,18.8,19.1498704309,18.5,18.9417853929,18.1,18.645823349,17.9,18.6209522282,20.1,21.4106223944,23.0,23.1764576582,24.5,25.0061197354,25.8,26.3715256618,26.7,27.202209647,27.5,27.6929930852,28.0,27.8952743847,27.3,26.3574267796,25.3,24.2890048052,24.3,23.3646400754,22.9,22.4212079635,22.2,21.899749666,22.3,21.7695903236,21.8,21.4106223944,21.4,21.120464089,21.0,20.900771574,20.8,20.7556924212,20.4,20.4655341158,20.1,20.264908983,19.9,20.0949587095,19.4,19.5851078891,18.9,19.2261399599,18.6,18.9931838011,18.5,19.0503859479,20.3,19.353807897,23.7,24.1505646295,25.5,25.5483015818,26.3,26.2222989373,25.8,25.0931615029,24.7,23.7924176284,25.1,24.5145010587,25.1,24.5086973202,24.3,23.7617427691,24.1,23.3662962421,23.1,22.8373780394,22.3,22.1210983477,22.6,21.9411967638,22.0,21.6070999554,21.6,21.1602550201,21.1,20.8203544732,20.7,20.5683309322,20.3,20.2723688882
16,19.4,19.2212453773,18.8,18.8406995481,18.4,18.634329823,18.1,18.3636142323,17.7,18.043951422,17.4,18.0341235167,20.3,21.1742766954,22.8,22.351251844,24.7,24.0353403711,25.8,25.3030342942,26.1,26.0909329964,26.9,26.5346952788,27.4,26.8564659831,26.2,25.5259571666,24.4,23.5777022711,23.6,22.7572334769,22.6,21.8758816638,22.0,21.4386686037,21.9,21.5099401624,21.4,21.1164800521,21.0,20.7457621283,20.6,20.5771567648,20.4,20.3917978029,20.0,20.0326392077,19.7,19.8786795487,19.3,19.69505201,18.9,19.1672880514,18.4,18.7738279411,18.1,18.5164031023,18.0,18.6296961874,19.6,19.5053694181,23.9,23.2260544348,25.7,24.7243661527,26.1,25.4636941063,25.2,24.511623225,24.0,23.2543510743,24.1,23.7414898355,24.0,23.6538330053,23.8,23.1915443247,23.7,22.9481631795,23.2,22.3941941878,22.2,21.7866443411,22.2,21.8613787464,21.5,21.4546278841,21.0,20.9775425683,20.6,20.6334061483,20.2,20.3382169479,19.8,20.0185541376
17,19.8,20.144114567,19.3,19.6542187162,18.9,19.2720817499,18.5,18.8899447835,18.1,18.5078078171,18.0,18.4000489327,22.4,22.652454134,30.6,30.2050951596,33.2,32.7012100838,34.2,33.6687771425,34.7,34.1708976361,34.7,34.2075715646,35.4,34.8396373272,30.8,30.5061854282,26.0,26.0672375456,24.9,25.0285855309,23.8,23.9654842306,23.1,23.2845198967,22.7,22.9023829303,22.3,22.5080213211,21.9,22.1258843548,21.4,21.6604377896,21.1,21.3860597077,20.8,21.0994569829,20.4,20.6928707309,20.1,20.4062680061,19.4,19.737528315,18.9,19.2598571071,18.5,18.8777201407,18.5,18.8777201407,22.8,22.9490186006,32.2,31.7458676679,34.4,33.8231716973,35.2,34.58744563,31.6,31.1604375755,27.3,27.1869362581,28.0,27.8312266636,25.6,25.6851005792,25.0,25.1363444153,24.9,25.0285855309,24.4,24.5386896802,23.4,23.5711226214,23.0,23.1645363694,22.5,22.6868651615,22.0,22.1725200251,21.5,21.70707346,21.2,21.4082460924,20.7,20.9427995272
18,19.6,19.9139267534,19.0,19.361198794,18.6,18.9901769256,18.2,18.6191550571,17.8,18.2481331886,17.6,18.0664270977,22.4,22.5034701461,28.3,28.0635541018,31.0,30.5641468707,32.1,31.5806521657,32.8,32.2223307489,33.1,32.4891826203,33.5,32.8716190187,29.4,29.0496206504,25.8,25.6647657146,24.8,24.7334062002,23.6,23.6241454381,22.8,22.8859065444,22.4,22.514884676,21.9,22.0549121837,21.5,21.6838903152,21.1,21.3090636035,20.9,21.1197478259,20.6,20.8414814246,20.0,20.2925583085,19.7,20.0142919071,19.0,19.3650036373,18.5,18.9012263017,18.1,18.5302044333,18.1,18.5302044333,22.1,22.2518376478,30.0,29.6365921995,32.0,31.4993112284,32.8,32.2413549654,29.3,28.991108773,26.1,25.981080549,26.6,26.4524675712,25.4,25.2937438462,25.0,24.9151122911,24.8,24.7334062002,24.2,24.1806782408,23.1,23.1641729458,22.5,22.6152498297,22.0,22.1514724941,21.2,21.4208432871,20.8,21.0460165753,20.4,20.6787995501,20.0,20.3039728384
19,20.0,20.1322390359,19.5,19.7211692349,19.1,19.3974640747,18.7,19.1064281839,18.3,18.7683890809,18.1,18.6814127387,20.6,22.2547538567,25.6,27.0142674541,28.7,29.2495614226,30.4,30.4254391102,31.0,31.108534826,31.4,31.3976329753,32.1,31.7720937938,29.7,28.7227070194,26.8,25.4899948098,25.6,24.4975153042,24.3,23.4644619579,23.5,22.8260068888,23.0,22.51702397,22.5,22.1328073501,22.2,21.8087138913,21.7,21.4573298548,21.5,21.2628262681,21.1,20.9890875965,20.8,20.6391425385,20.5,20.4080173967,19.6,19.8153515459,19.1,19.3986780686,18.7,19.0889185527,18.7,19.1032524955,21.1,21.328321201,27.6,28.3317640056,29.9,30.0538156673,30.9,30.7629514413,29.3,28.3478676109,26.7,25.7162777405,27.3,26.4137690697,26.5,25.4060836917,25.6,24.7402235245,25.4,24.4604563525,24.8,23.9458241652,23.7,23.0575203291,23.1,22.6752943003,22.6,22.2773444483,22.0,21.7599739692,21.5,21.3659764028,21.2,21.0838957632,20.7,20.7133998029
20,19.3,19.7369208913,18.8,19.1865148052,18.3,18.7291164404,18.0,18.4359820998,17.5,17.9796922974,17.4,17.876460821,22.1,22.1551370984,26.9,26.9437169285,30.5,30.2076152187,33.0,32.3160064352,34.5,33.5908169643,35.4,34.3458938044,35.6,34.5580034828,32.1,31.2684241764,28.0,27.504929095,26.2,25.9177110144,24.4,24.3294574961,23.3,23.328657872,22.7,22.7864630059,22.1,22.2403442791,21.7,21.8641344322,21.2,21.4019092638,21.0,21.2094364485,20.6,20.848889247,20.1,20.3829952516,19.8,20.1007894328,18.9,19.2923225791,18.3,18.744409339,17.9,18.3681751096,17.9,18.3639607428,18.2,19.0284832617,28.9,28.7654273448,31.3,30.9731317943,32.4,31.8706307218,29.7,29.3270830571,27.0,26.7352787928,28.6,28.0837108463,28.5,27.8582536915,26.8,26.4225543656,25.9,25.6750420865,25.0,24.8813427739,23.5,23.5394156397,22.7,22.8211936621,22.2,22.3535964624,21.4,21.6210665824,20.8,21.0734178983,20.4,20.7025049328,19.9,20.2449095018
21,19.5,19.7811388302,19.0,19.2641779006,18.5,18.796608227,18.2,18.4970089035,17.8,18.0919086991,17.7,17.9939598858,21.9,22.0982606163,28.2,28.0394435911,31.2,31.0001178655,33.3,32.9381524425,35.3,34.5542476028,36.2,35.3101847474,36.4,35.5525645696,32.7,31.9887726873,28.9,28.2095770455,26.7,26.3262444882,24.9,24.6952666527,23.6,23.5591284576,22.6,22.7585676541,21.9,22.1444293853,21.6,21.8223033527,21.2,21.4055388884,21.0,21.2026222197,20.6,20.8324437392,20.0,20.30393679,19.8,20.0777992296,19.1,19.3685676387,18.5,18.8067285219,18.2,18.4845904766,18.2,18.4825141507,21.1,20.8228660683,29.3,29.3459429196,32.1,31.8663808937,33.0,32.7126719221,30.4,30.1222530873,27.6,27.3152749679,28.5,28.2907344252,29.1,28.3908682202,27.3,26.8396613345,26.3,26.0142019225,25.3,25.1413703112,23.6,23.6446212907,22.5,22.7373896672,22.0,22.258641036,21.3,21.5884850471,20.8,21.0861137562,20.4,20.7134141115,20.0,20.298930617
22,19.4,19.1640125485,18.8,18.7740612304,18.4,18.3841099123,18.0,18.1501391214,17.6,17.7601878033,17.4,17.6821975397,19.8,21.3477399298,25.7,25.0912725834,27.7,27.8989220737,30.1,29.8486786641,31.9,31.0185326184,32.8,31.7204449909,32.9,31.8764255182,29.7,29.1467662915,27.1,25.9491654832,25.7,24.5453407381,24.3,23.141515993,22.9,22.2836230932,22.2,21.8156815115,21.6,21.3477399298,21.2,21.0357788753,20.8,20.6458275572,20.6,20.48984703,20.3,20.1778859755,19.8,19.7879346574,19.5,19.5539638665,18.9,18.852051494,18.5,18.3841099123,18.1,18.0721488578,18.0,18.0721488578,20.0,18.3061196487,26.3,26.6510778558,28.6,28.5228441826,29.6,29.3807370824,27.5,27.2749999647,25.3,25.169262847,26.7,26.4171070649,27.6,26.3391168013,26.3,25.0132823198,25.5,24.3113699472,24.5,23.6094575747,23.0,22.4396036204,22.1,21.8156815115,21.6,21.4257301934,21.0,20.8018080844,20.4,20.3338665027,20.0,20.0219054483,19.6,19.6319541302
23,20.1,19.6767448411,19.5,19.3350743912,19.0,19.0112160529,18.7,18.7884016714,18.3,18.4645433331,18.1,18.3783971315,20.0,21.1447965704,24.8,24.5138934473,27.1,26.90267224,29.4,28.7000850474,30.9,29.7785327319,32.1,30.4291637649,32.4,30.5302077216,30.1,28.2988235769,27.3,25.710871227,26.0,24.4274212727,24.7,23.2330318763,23.5,22.3922963285,22.9,21.9110433423,22.3,21.5010388024,22.0,21.2277024425,21.7,20.9038441042,21.4,20.7493638127,21.1,20.4938395644,20.8,20.1699812261,20.5,19.9649789562,19.6,19.4034084812,19.1,19.0112160529,18.7,18.7556918046,18.5,18.7556918046,20.9,19.299124195,25.3,25.6668299076,27.7,27.4671570714,28.9,28.2544562844,27.3,26.5163085246,25.6,24.7959728765,26.4,25.8002577581,27.3,26.0169174537,26.2,24.8552379241,25.8,24.2580432259,24.8,23.5896000813,23.6,22.5111523969,22.8,21.9110433423,22.3,21.5693728924,21.6,21.0227001726,21.0,20.5948835211,20.7,20.3571713844,20.2,19.9976888229
24,18.9,18.7789183914,18.4,18.3462251183,18.0,17.9333008647,17.6,17.6539158813,17.2,17.2604294119,17.0,17.1541217378,19.2,20.6300240951,24.5,25.174291377,27.7,28.0939801601,30.7,30.2785404868,32.5,31.7331162855,33.6,32.5515022162,33.6,32.6850414863,31.0,29.7952341824,28.1,26.5426909302,26.0,24.8479369517,24.4,23.3297792077,22.8,22.2401333408,21.8,21.5640741982,21.2,21.0254044863,20.8,20.698687652,20.4,20.3052011826,20.1,20.1123548538,19.8,19.7859692549,19.4,19.3536072172,19.1,19.1134290375,18.5,18.4327637729,18.0,17.9333008647,17.7,17.62635305,17.7,17.62635305,19.9,18.7669627736,25.3,26.4928961772,28.6,28.8254962008,29.9,29.7780838724,27.8,27.5795920992,25.8,25.3619937772,26.9,26.5117026642,28.4,26.8775328117,26.7,25.386937899,25.9,24.6084212428,24.7,23.7508285084,22.9,22.3545660621,21.8,21.544636414,21.3,21.1119431409,20.5,20.4390716881,19.8,19.919508525,19.6,19.6128919456,19.0,19.1798674371
25,22.8826388889,19.4,19.6638310991,18.8,19.2923370212,18.4,18.972068019,18.0,18.7560044884,17.7,18.4556226005,17.6,18.3835293184,24.4,21.3346498162,26.1,25.2774275873,28.5,27.4311764472,30.2,28.7928500204,31.4,29.7488940463,32.3,30.2333251678,32.5,30.4214908178,28.0,27.9416786236,26.5,25.2353452288,25.2,24.0571747781,23.9,22.9595016352,22.7,22.2293858392,22.1,21.773869442,21.8,21.3775776406,21.4,21.128386298,21.1,20.8164878094,20.9,20.6706446694,20.5,20.4187661782,20.0,20.0750541683,19.6,19.8929877141,19.0,19.3645728902,18.5,18.9787300151,18.4,18.7302583182,18.4,18.728384927,25.2,19.9780890239,27.0,26.3747426169,28.5,28.0300793858,29.5,28.6433848536,26.9,26.7713801037,25.6,24.7781268739,27.6,25.5621293628,26.7,25.3783232803,26.0,24.3894120158,25.4,23.8823985486,24.0,23.3158748118,22.8,22.3432435458,22.2,21.7966843803,21.7,21.4621369963,20.9,20.9798360463,20.3,20.612180214,20.1,20.3562882876,19.4
26,22.4770833333,18.7,19.1182048505,18.2,18.7090594265,17.8,18.3590920385,17.4,18.1320531153,17.1,17.7863759141,17.0,17.7049426392,24.0,20.9064676705,26.2,24.611648009,29.2,27.1039285824,30.8,28.7696057621,32.5,29.8016975503,33.1,30.4049520401,32.9,30.5564246875,28.2,28.0544016662,26.5,25.2019267857,24.7,23.9386173919,23.2,22.7076589354,22.1,21.9071675886,21.4,21.4574870268,20.9,21.0311147018,20.6,20.7456774989,20.3,20.3964593247,20.0,20.2456298034,19.8,19.969598598,19.1,19.610933981,18.8,19.3977343915,18.5,18.7883390227,18.2,18.3682156109,18.0,18.0864545307,18.0,18.0839402866,24.8,18.6933268887,27.6,25.9446297966,28.6,27.6971936027,29.1,28.4104695783,26.7,26.4825820692,25.9,24.5223382194,28.3,25.5414363259,27.0,25.4752277652,26.1,24.3404271272,25.1,23.7491287461,23.4,23.1155130211,22.1,22.0542667086,21.5,21.4745781174,20.8,21.1148355495,20.1,20.5521983536,19.4,20.1284802658,19.2,19.8499556304,18.7
27,22.6159722222,19.1,19.4240273872,18.6,19.05561557,18.3,18.7329617576,17.9,18.5246040573,17.6,18.2298437171,17.5,18.1601231249,23.6,21.0670760216,26.0,24.9490186008,28.5,27.0825391179,30.0,28.464496366,31.3,29.4955709937,31.9,30.0142337279,32.1,30.1804647358,27.6,27.7525574581,26.0,25.1127050605,24.7,23.8810857286,23.2,22.7605176249,22.1,22.0063485695,21.5,21.5157895514,21.1,21.1065660959,20.9,20.8680067931,20.6,20.5656705225,20.3,20.4258473889,20.0,20.1709704639,19.5,19.819015652,19.2,19.6469192914,18.9,19.1285267019,18.7,18.741020182,18.5,18.5024496268,18.5,18.5005047078,24.7,19.7447914661,27.4,25.9885581914,28.6,27.665193035,29.1,28.2669983749,26.7,26.4618461372,25.3,24.542800058,27.5,25.3101878249,26.3,25.274495627,25.7,24.2323708878,24.9,23.6839797371,23.5,23.0989294645,22.3,22.0988456197,21.7,21.517945315,21.2,21.1867487851,20.4,20.7059377266,20.0,20.3449343798,19.8,20.0862744749,19.4
28,22.6152777778,19.1,19.3287664152,18.5,18.9449019907,18.1,18.6102491069,17.8,18.3958011264,17.5,18.0872498908,17.4,18.0148458907,24.1,21.0341837607,26.3,24.9690630328,28.8,27.202121297,30.6,28.6551391049,32.3,29.7168788755,33.3,30.262757904,33.2,30.4284830774,28.0,27.9387784005,26.3,25.2132727246,24.4,23.9444511012,22.9,22.779360924,21.6,22.0005042968,21.1,21.5022507744,20.7,21.079647258,20.4,20.830145168,20.1,20.5149436017,19.7,20.3715804837,19.5,20.1071228337,19.0,19.7447089778,18.8,19.5639407075,18.6,19.0207607908,18.4,18.6191650446,18.2,18.3696504393,18.2,18.367487235,25.1,19.5385774632,27.8,26.072768377,28.9,27.7967284998,29.6,28.4240348466,26.6,26.567058468,25.6,24.6058222042,28.2,25.4262443875,26.7,25.3976070179,26.0,24.3127229904,24.9,23.7405242135,23.4,23.1344677741,21.8,22.1011214851,21.1,21.5042901873,20.6,21.1618647674,19.8,20.6583485049,19.7,20.2813549819,19.6,20.0126428621,19.1
29,22.01875,19.5,19.6004230599,18.9,19.299216584,18.6,19.0474284525,18.2,18.8859168144,17.9,18.6364464111,17.7,18.5796754839,22.5,20.9244116027,23.5,23.5886065541,25.9,25.3757198651,26.6,26.5337894885,26.7,27.2463705931,28.0,27.6630074225,27.9,27.7798191572,26.4,25.9647928662,24.9,23.8962168302,24.0,23.0133767852,22.3,22.1380429854,21.8,21.5824421013,21.6,21.275984052,21.3,20.9735109037,21.0,20.7680947653,20.8,20.5152722299,20.6,20.4089746939,20.3,20.2104520225,20.0,19.9525723054,19.7,19.7989176518,19.4,19.3572774481,19.1,19.0555709476,19.0,18.8503411994,18.9,18.8481149955,23.8,19.2605785919,25.7,24.574347365,26.8,25.7996051481,27.5,26.293328763,25.7,24.8943851497,24.7,23.4649751603,26.2,24.1965803048,25.5,24.086411776,24.8,23.2920556672,24.2,22.8779994497,22.8,22.4381375382,22.2,21.6944715418,21.7,21.2931844156,21.4,21.0356568899,20.8,20.634249576,20.6,20.3339522749,20.4,20.1302173952,20.1
30,20.1,18.7,18.7887286007,18.3,18.6036874218,18.0,18.4555847084,17.6,18.3335793743,17.4,18.1840745784,17.2,18.1483908203,23.1,20.3047293604,21.3,21.4269224809,22.0,21.6458930395,23.2,22.1140431153,24.3,22.460711028,25.3,22.748480875,25.2,22.9107326536,23.6,22.2080618414,22.7,21.3978899657,21.6,20.9371941158,20.3,20.3379628842,21.1,20.2633050747,20.8,19.9633073759,20.5,19.7358426456,20.2,19.6256145551,20.0,19.4949164785,19.8,19.418077674,19.5,19.2826617204,19.2,19.1478367935,18.9,19.0263900488,18.7,18.7765812287,18.4,18.6120787236,18.3,18.5269140213,18.2,18.5393644677,23.9,20.047312228,21.8,21.5776751675,22.1,21.6954430178,22.6,22.0564442391,22.0,21.5082368969,21.7,20.9472760667,23.4,21.3605508121,23.3,21.4570223291,22.8,21.2417658725,22.0,21.032187085,20.9,20.6816198313,21.4,20.375464512,21.0,20.1352525226,20.5,19.9267123914,20.1,19.681971077,19.9,19.4975391713,19.7,19.3867452461,19.3
31,20.9229166667,19.5,19.6611423337,19.1,19.4947441281,18.7,19.3768675882,18.4,19.2766608795,18.2,19.1383756446,18.0,19.1205683433,23.7,20.5395175905,21.4,21.5916541416,22.3,22.2620367033,22.8,22.8093174571,23.9,23.1495591029,24.3,23.3652378364,24.1,23.4801034674,23.4,22.7647148125,22.7,21.8292019136,21.4,21.4160543448,20.7,20.9681307489,21.8,20.7601438568,21.8,20.6390116118,21.5,20.4614063105,21.2,20.3357024994,21.0,20.2253621028,20.7,20.1574582636,20.5,20.0285431418,20.2,19.9259726864,19.9,19.8392901978,19.6,19.600793937,19.3,19.4376783461,19.2,19.3332132539,19.1,19.3562383796,25.0,19.8141730783,23.0,21.9654243032,22.1,22.4730471109,22.3,22.7731727545,21.9,22.220657636,21.6,21.5891269437,23.3,21.8982021785,23.6,21.8931856999,23.2,21.5974721994,22.1,21.4331437743,21.6,21.1880679821,22.2,20.8638333028,21.8,20.7422947587,21.5,20.5812643619,21.1,20.3692290574,20.9,20.2074842227,20.7,20.0934564843,20.3
32,20.5,18.9,19.2405443344,18.5,19.0453519247,18.2,18.8963659595,17.8,18.7513825792,17.6,18.6071767464,17.4,18.5601720117,23.9,21.0262518653,22.1,21.6997171177,22.8,21.9379103743,23.8,22.4043444699,25.0,22.8075603204,25.4,23.0380750361,25.2,23.1402122606,24.1,22.5434204735,23.3,21.8085478559,22.0,21.3058037717,20.6,20.6757075799,21.5,20.7127316578,21.2,20.4663964006,20.9,20.2509123766,20.6,20.1190457772,20.4,19.9968580164,20.2,19.9112510819,19.9,19.7611426658,19.6,19.6296943221,19.3,19.5003125504,18.9,19.2412336494,18.6,19.0695015616,18.4,18.9707102265,18.3,18.9752988648,25.2,20.9509892455,22.3,21.8312503482,22.4,21.9107186176,22.8,22.2400377906,22.1,21.7489229253,22.8,21.4251984565,24.6,21.937865428,24.4,21.9939718358,23.6,21.730247885,22.2,21.395616243,20.8,20.9601457334,21.7,20.8366451896,21.3,20.625743352,20.9,20.4157351359,20.5,20.1745347153,20.3,20.0059306841,20.1,19.8900277,19.6
33,21.4298611111,19.7,19.8332900893,19.2,19.6266294572,18.9,19.4690363405,18.5,19.3128575338,18.2,19.1612354552,18.1,19.1366315593,24.1,21.8453219027,24.7,23.1642843289,24.5,23.1152111978,24.1,23.3685317031,24.3,23.6360363815,24.6,23.7305680932,24.3,23.757318024,23.7,23.2974751316,23.3,22.6071658905,22.5,22.2652655785,22.2,21.6668311565,22.1,21.4479417341,21.9,21.2062856435,21.5,20.9755563586,21.3,20.8021891403,21.1,20.6894961361,20.9,20.5943200675,20.7,20.4252667137,20.4,20.2915091608,20.2,20.1640295304,19.9,19.9131186988,19.6,19.7118299897,19.4,19.6161743156,19.4,19.6481666036,25.4,21.8220192923,25.1,23.3217576048,22.8,22.8054085437,22.5,23.0847369157,22.4,22.5929376449,23.0,22.1492130734,23.5,22.6351921169,23.6,22.6440931046,23.3,22.5090039408,22.8,22.354304695,22.4,22.0218720583,22.4,21.6577562953,22.1,21.4722164314,21.7,21.2049901365,21.3,20.9282870982,21.1,20.7245528852,20.9,20.595766599,20.6
34,21.0854166667,19.1,19.1592000545,18.5,18.7959264917,18.2,18.5487722312,17.8,18.2804099641,17.5,18.0825454533,17.4,18.0127711658,23.3,22.5573619653,26.7,25.0934671646,25.4,24.377793823,25.7,24.4777560735,26.9,25.0477292874,26.9,24.9924179754,26.3,24.6236901331,25.6,24.0282132223,25.0,23.4261954929,23.3,22.6239902934,21.6,21.5511450611,21.6,21.3138891708,21.2,20.9248270244,20.9,20.6697222653,20.7,20.4657717523,20.4,20.2673753555,20.3,20.1650086791,20.0,19.9511287468,19.7,19.7032131673,19.5,19.5322818422,19.1,19.2423342817,18.8,18.9870687109,18.6,18.856901625,18.6,18.8565239629,25.0,23.5028326081,26.2,25.0524799127,23.3,23.0278313558,23.9,23.3238281366,23.1,22.5871107383,22.9,22.2829949578,25.5,23.7560836842,25.4,23.6261659779,24.7,23.2706064435,23.5,22.6986956047,21.3,21.6649829894,22.0,21.6240598333,21.5,21.2078903716,21.0,20.8141801504,20.5,20.4213237185,20.4,20.2379382556,20.2,20.0836528202,19.8
35,21.1708333333,19.3,19.4867232414,18.8,19.2700528941,18.5,19.0959277647,18.1,18.9352389498,17.9,18.7714382388,17.7,18.7424030648,23.3,21.7369003024,24.8,23.2840560304,24.0,23.0082395322,24.1,23.2255877024,24.9,23.4804472205,25.1,23.6001804997,24.9,23.671430936,24.5,23.2284200721,24.1,22.5410325422,23.0,22.1787887939,22.2,21.5064982085,22.1,21.320741854,21.9,20.978073488,21.5,20.7145299207,21.3,20.5506115703,21.0,20.4224296248,20.8,20.3252282657,20.6,20.1518713337,20.3,20.0043120293,20.0,19.8613617113,19.7,19.5857498439,19.3,19.3790387925,19.2,19.28736082,19.1,19.3190413498,24.8,21.8486435246,25.0,23.3309593318,22.8,22.6388001434,23.3,22.964203224,22.8,22.4468059807,22.7,21.980916903,24.3,22.4764339136,24.3,22.5567967621,23.9,22.4534139369,23.1,22.2918614121,22.2,21.9296131926,22.5,21.5331640181,22.1,21.2827485687,21.7,20.9970200904,21.2,20.698690355,21.0,20.4773328788,20.8,20.3467155937,20.4
36,21.6388888889,19.0,19.2292307277,18.5,18.9215249549,18.2,18.6831044527,17.8,18.4016877315,17.6,18.2194693437,17.4,18.1722452714,24.8,23.1383404213,28.7,25.065331362,25.7,24.3329971358,24.3,24.2066162677,24.9,24.4283868703,24.9,24.2686535157,24.5,24.0358102566,24.0,23.668826847,23.5,23.1270868003,22.6,22.8624456475,21.9,22.0268135117,21.9,21.6500597433,21.6,21.3278991582,21.3,21.026616326,21.0,20.7165354588,20.8,20.5907564605,20.5,20.4348271243,20.2,20.1807683644,19.9,19.9599439322,19.7,19.7632134643,19.2,19.4834629421,18.9,19.1812912073,18.7,19.0630040593,18.7,19.1060002783,27.4,24.1072957717,29.0,25.1956936475,23.0,23.2031475749,23.3,23.3978518295,22.5,22.7687637254,22.6,22.4674592611,24.0,23.3588696764,23.8,23.1509942047,23.4,23.1731238041,22.6,23.0123693253,21.7,22.5272019063,22.5,22.0672480765,21.9,21.8122827281,21.4,21.3469814201,20.9,20.9290092378,20.6,20.646703614,20.4,20.4653741288,19.9
37,21.8201388889,18.6,19.0360270673,18.2,18.6946799518,17.8,18.3865006385,17.4,18.0893577874,17.2,17.8836693373,17.1,17.8141809839,25.2,23.4851088248,29.1,26.2446654743,27.2,25.5295890545,26.4,25.4539176606,27.2,25.7501102402,27.0,25.5979475287,26.1,25.2526316332,25.5,24.6238761007,24.9,23.85668305,23.5,23.4626653056,22.2,22.4237104378,21.8,21.9108064472,21.3,21.3944019922,21.1,21.0539231306,20.8,20.734715772,20.6,20.5466525899,20.4,20.3861683534,20.0,20.1277573453,19.7,19.8276527601,19.4,19.5999556518,19.1,19.2722607138,18.8,18.9312944428,18.6,18.8007130433,18.6,18.8141281655,27.9,24.3786894339,29.0,26.4916306853,24.2,24.1248267035,24.4,24.3105113521,23.4,23.4045906313,23.1,22.9713399607,25.7,24.1727597781,25.4,23.9679994379,24.9,23.8055712125,23.4,23.5165860685,22.3,22.9541264733,22.5,22.3255904124,22.0,21.8498563029,21.2,21.341903278,20.7,20.8563517275,20.4,20.5201121981,20.2,20.3276804458,19.6
38,21.2791666667,17.9,18.3441257807,17.5,17.97511152,17.1,17.6714663399,16.7,17.3390953398,16.5,17.1172939219,16.4,17.0593478633,24.7,23.1344906222,28.3,25.5846215558,26.1,24.7009348495,25.3,24.5858094057,25.4,24.8847048854,24.9,24.7082334898,24.2,24.3827849679,24.0,23.9404315836,23.8,23.2640429157,23.6,22.9004037631,22.3,21.8403945688,21.7,21.3506217341,20.9,20.9046344783,20.5,20.5371177876,20.1,20.1698997945,19.9,20.003106929,19.7,19.8184822352,19.4,19.5156226508,19.0,19.2383841718,18.7,18.9980617326,18.4,18.65410235,18.0,18.285779703,17.9,18.1464748468,17.9,18.1882453626,27.2,24.1764877863,28.2,25.7602131982,23.4,23.2442982018,23.4,23.4670130765,22.5,22.7035699322,22.5,22.3641024654,24.2,23.547976216,23.9,23.3501814778,24.0,23.2891879475,23.7,23.0408249776,23.0,22.4381042101,22.3,21.8411119943,21.6,21.4698106518,20.9,20.9081949659,20.3,20.3994925912,19.9,20.0457179443,19.7,19.8315347809,19.0
39,21.4965277778,18.6,19.0750076634,18.1,18.7711961095,17.8,18.5179041898,17.4,18.2513208065,17.1,18.0686541736,17.0,18.0103860056,25.0,22.8345070127,27.3,25.1016381182,26.8,24.5519827111,24.7,24.4950276937,24.9,24.7427360736,24.9,24.6135064094,24.5,24.3716761788,23.7,23.7948343762,23.2,23.1013211642,22.7,22.7807237993,22.0,21.9194886781,21.9,21.5025465696,21.4,21.1186494237,21.3,20.8214898396,21.2,20.5332848664,21.0,20.3818461473,20.8,20.2368413708,20.5,20.0034057814,20.2,19.7541579438,19.9,19.5581472947,19.5,19.2695611221,19.2,18.9716697594,19.1,18.8497297915,19.1,18.8736260969,27.4,23.651561314,28.6,25.3229142547,23.6,23.4693757682,23.6,23.6603720609,22.7,22.8662506434,22.7,22.4356532574,24.1,23.371306422,23.8,23.146624473,23.2,23.0721618494,22.6,22.8684179328,22.1,22.3902777385,22.6,21.8762067455,22.3,21.5326167875,21.8,21.0898975524,21.2,20.6677811172,20.9,20.3837208159,20.7,20.2073241012,19.9
40,20.5236111111,18.0,18.3659085518,17.6,18.0315584854,17.3,17.8169591612,16.9,17.5050662082,16.6,17.2499795449,16.4,17.1391581024,24.9,22.9929196713,27.2,24.3886125459,22.1,21.6087448714,21.7,21.6400275926,21.8,21.8881680446,22.1,22.1671349129,23.1,22.8703509969,24.9,23.804981736,25.2,23.6243483216,24.6,23.0889970357,21.3,20.9150308568,21.7,21.0843525659,20.9,20.6694662502,20.5,20.3323712961,20.3,20.1122245985,20.1,19.9734630498,19.8,19.7403036909,19.5,19.4586379436,19.2,19.2703568045,18.9,19.0506095295,18.5,18.6940309741,18.2,18.4186033061,18.0,18.241124101,18.0,18.2837195362,27.3,24.1467160523,24.6,22.9429738862,21.4,21.3655531892,21.6,21.663475873,21.4,21.4714448245,21.4,21.26029819,22.7,22.0994569003,25.3,23.6885766146,26.0,24.0539691053,26.3,24.2059750153,24.7,23.1048904634,22.7,21.7937261348,21.8,21.3430726931,21.2,20.8748559839,20.6,20.4141806059,20.2,20.0945624457,20.0,19.9017428947,19.5
41,20.91875,18.1,18.6682447279,17.7,18.3438888244,17.4,18.1513955609,17.0,17.8672067753,16.7,17.6401393264,16.6,17.6100904022,24.7,22.013380846,27.4,23.3073964442,23.8,22.2839219836,22.4,22.5072299038,22.2,22.8594303777,22.3,22.9458859092,22.5,23.0550408898,22.7,22.9414949741,22.6,22.350335978,22.6,21.9778776702,21.8,21.0504328622,21.9,21.0318851089,21.2,20.8028880965,20.9,20.4680020611,20.6,20.1740006097,20.5,20.061367803,20.2,19.8937116029,19.9,19.6081186225,19.6,19.4493209758,19.3,19.2603298503,18.8,18.9206367436,18.5,18.6035834954,18.4,18.4580933749,18.5,18.5497888969,27.2,22.5169782523,26.2,23.0748335263,21.9,21.9693381014,21.9,22.2997988606,21.4,21.8761573898,21.4,21.4176377326,22.3,21.9833343056,22.4,22.1804655386,22.8,22.3349226364,23.0,22.3198225659,22.6,21.7748851411,22.8,21.4176884926,22.2,21.3375463543,21.7,20.9010385719,21.2,20.5242001519,20.8,20.2386000227,20.6,20.0321880483,20.0
42,20.6833333333,18.3,18.6611445937,17.8,18.3674259117,17.6,18.1965133884,17.1,17.9296995634,16.8,17.7237831289,16.7,17.7085473351,24.6,21.9477427535,27.2,22.8263093952,23.4,21.6051339823,21.9,21.7522281236,21.8,22.0668859489,21.9,22.1274607652,21.6,22.1984688186,21.8,22.3829011721,22.0,22.0364195642,21.8,21.7264046475,21.0,20.8593722677,21.8,20.878812566,21.1,20.6797770637,20.7,20.3685295994,20.5,20.0876477279,20.3,20.0021954007,20.0,19.8418836311,19.8,19.5645717686,19.5,19.4451269079,19.3,19.2707503704,18.8,18.9700545968,18.5,18.6763359148,18.4,18.5546517187,18.5,18.6505530205,26.9,22.4841828751,25.7,22.4851209714,21.7,21.1759585848,21.6,21.4613649114,21.0,21.2878205491,21.0,21.0643636462,21.8,21.6252723807,21.5,21.9032357881,22.0,22.0856066971,22.3,22.0772387218,21.7,21.5565571554,22.4,21.2638544415,21.9,21.2308844331,21.5,20.8107359301,21.1,20.4748196656,20.7,20.2068348148,20.5,20.0207892141,20.1
43,20.2951388889,17.9,18.289751657,17.5,17.9641551786,17.2,17.7819643379,16.8,17.4800396563,16.5,17.2299243483,16.4,17.1935381356,24.2,22.1836955398,26.8,23.1891136238,20.8,20.45737076,20.5,20.6230385445,20.8,20.9750155649,21.0,21.1980297779,21.3,21.5398351309,22.8,22.2881456364,23.4,22.2140021944,23.0,21.82456485,21.0,20.5154678154,22.1,20.9895596476,21.0,20.5925897933,20.5,20.2224022697,20.3,19.9788133569,20.1,19.8700430709,19.9,19.6892209128,19.6,19.3948529343,19.3,19.2579450718,19.0,19.0541430498,18.6,18.7038444666,18.2,18.3844360087,18.1,18.2543929162,18.2,18.3679387366,26.7,23.0693162837,24.3,22.0173836364,20.1,20.3334837302,20.2,20.6261384775,20.1,20.5989744705,20.0,20.3732009479,20.9,20.8940910348,22.6,21.8510981597,23.5,22.2988246334,23.8,22.4532224461,22.8,21.7343586256,22.5,21.3955066116,21.9,21.26573848,21.3,20.8138817655,20.9,20.4759092461,20.5,20.1729542568,20.3,19.97567863,19.8
44,20.01875,17.9,18.2565234936,17.5,17.9920523146,17.2,17.8280939988,16.8,17.6067189348,16.5,17.3751175099,16.4,17.3523930371,23.0,21.8665074581,25.3,22.9047326786,20.8,20.44511853,20.6,20.3726809176,20.5,20.4878769253,20.6,20.7849164885,21.1,21.4178516774,21.9,22.1520814847,22.4,22.1122296338,22.1,21.7892644218,20.8,20.5836611274,22.3,20.9365464678,21.2,20.3705204099,20.5,19.952028235,20.3,19.8049433391,20.1,19.7026771013,19.9,19.5489029035,19.6,19.2927544846,19.4,19.2138453737,19.1,19.007933968,18.6,18.6398644631,18.2,18.4203318585,18.2,18.3456558346,18.3,18.4480300557,25.7,23.0201889032,23.8,21.6591607893,19.9,20.1397428055,20.3,20.724134541,20.2,20.82638703,20.2,20.6917253559,20.8,20.9158636437,21.6,21.9069986109,22.3,22.4108581682,22.6,22.4994689693,22.1,21.8517792566,22.5,21.3447978294,22.0,21.1123993586,21.6,20.7059949024,21.1,20.3516465744,20.7,20.0697692996,20.5,19.9184090738,20.0
45,19.1465277778,16.3,16.8976866159,15.9,16.577017899,15.6,16.3478773393,15.3,16.1021065404,14.9,15.7995878572,14.9,15.7816415827,22.8,21.5831393559,25.3,23.399236237,20.0,20.0211077848,19.4,19.7908935795,19.3,19.8399198447,19.9,20.276903382,21.2,21.1731506129,22.6,22.0114920446,22.9,21.9771977548,22.5,21.5832859221,20.8,20.1733158172,21.7,20.6860569668,20.1,19.6808357781,19.2,19.0660495854,19.1,18.9430548889,18.9,18.7863230479,18.7,18.6178844231,18.3,18.309973937,18.2,18.2079611461,17.8,17.9227415868,17.1,17.4091131804,16.8,17.1565440937,16.8,17.106973595,17.0,17.2391237195,25.8,23.3492923977,22.6,21.6776396002,19.0,19.4520193816,20.4,20.3831618081,20.8,20.4990971977,20.7,20.2915357101,20.6,20.4144843168,22.3,21.6469976709,23.5,22.3551391054,23.6,22.4093249908,22.7,21.6650398478,22.2,21.1149741992,21.6,20.6919034111,20.9,20.1750220272,20.3,19.7106262306,19.8,19.3360111221,19.6,19.1642386339,19.0
46,20.1111111111,17.6,18.1843519756,17.2,17.8975417288,16.9,17.7123203534,16.5,17.4607546205,16.2,17.2266554832,16.1,17.2051111259,23.8,21.9936078707,26.3,23.2431654388,20.4,20.5563143827,20.2,20.5267651617,20.2,20.6351556867,20.7,20.9413865725,20.8,21.2850135386,21.5,21.7238480397,21.6,21.581019965,21.1,21.2436431889,20.5,20.5358439537,22.4,21.1924848118,21.1,20.5368701058,20.4,20.0621495787,20.2,19.8823691611,20.0,19.7691335446,19.8,19.6192693082,19.5,19.3549029805,19.3,19.265274315,19.0,19.0528891272,18.4,18.6376594258,18.1,18.3998249983,18.0,18.3238352738,18.2,18.4605284763,27.3,23.4956237504,24.3,22.1934156288,19.7,20.1457413975,20.6,20.8276566469,20.6,20.871192907,20.6,20.7382294147,20.8,20.8865785074,21.4,21.4041270145,21.7,21.7349470555,21.9,21.7927495154,21.3,21.3028120051,22.7,21.5060934709,22.3,21.342553852,21.8,20.9364869971,21.3,20.5685490281,20.9,20.2738669378,20.7,20.1104363594,20.3
47,20.0972222222,16.8,17.9831004542,16.5,17.6911174715,16.3,17.4977306027,15.8,17.293207179,15.6,17.0369792611,15.5,17.0199796031,22.8,20.8896626636,25.2,22.5738033324,22.0,21.5216635831,21.5,21.785620344,21.9,22.0397229567,22.3,22.3958657614,21.8,22.9462067422,21.9,22.7091789147,21.9,21.9486662842,21.4,21.486358445,20.6,20.5667926795,22.0,20.6704200941,20.8,20.1138310921,20.0,19.6638828142,20.0,19.4967785763,19.8,19.3452690517,19.5,19.2105292959,19.2,18.9533233823,19.2,18.8308609512,18.9,18.6220654723,18.2,18.1824346084,17.8,17.9312631723,17.9,17.8271223499,18.1,17.9229027319,25.7,21.3387280891,24.3,22.0652885303,22.1,21.4556076169,22.2,22.1858847885,21.3,21.7808761575,21.3,21.1313448121,21.3,21.3016590183,21.6,21.7568045549,22.0,21.96072173,22.1,21.8944027681,21.8,21.3887268204,22.5,20.9539019179,22.0,20.7156477976,21.6,20.3304896886,21.2,19.9368908319,20.8,19.636301931,20.6,19.4570497008,20.0
48,19.80625,16.2,17.1687481891,15.9,16.8845914523,15.7,16.6909702231,15.2,16.4014173397,15.1,16.2300321809,14.8,16.1157408529,21.6,20.0149291517,23.8,22.2611169256,22.7,22.5381518418,22.5,22.8598909953,22.7,23.2260833354,23.3,23.4860708254,21.8,23.1647546664,21.6,22.1574084891,21.2,20.9853889024,20.7,20.4598211489,20.0,19.7872616079,20.5,19.6560489796,20.2,19.4463735128,19.0,18.9187813635,19.0,18.7490530366,18.8,18.5775454178,18.6,18.4273934565,18.3,18.1930189158,18.3,18.0501538703,18.0,17.8623866855,17.2,17.4010206388,16.9,17.1219827425,17.0,17.0295693866,17.2,17.1112509589,24.0,20.6117318346,24.4,22.8199217503,22.9,22.7042427296,22.5,22.8692239767,21.6,21.8329025295,21.2,20.8922618482,21.0,21.1451103516,21.8,21.1154954389,22.1,21.0075045302,21.6,20.7537513456,21.3,20.3998353322,21.8,20.1777265217,21.4,19.939121105,21.0,19.6070227548,20.5,19.2215894199,20.1,18.9369499805,19.9,18.7466859502,19.5
49,19.6611111111,16.2,16.8959396879,15.8,16.6199266835,15.5,16.4161608133,15.1,16.142027124,14.8,15.9618800764,14.6,15.8462770819,20.3,19.3441977614,22.4,22.1832916619,22.6,22.8369095761,22.5,23.2907698617,22.8,23.7097346483,23.7,24.0279457809,22.1,23.7601779047,21.9,22.3806490723,21.3,20.831589869,20.7,20.1929502901,19.9,19.5224618143,20.2,19.3674445444,20.7,19.1452763711,18.6,18.5847524113,18.6,18.443942411,18.4,18.2384126739,18.2,18.0874560805,17.9,17.8696094312,17.9,17.7223254552,17.6,17.5402441016,16.9,17.0582185662,16.5,16.7781814614,16.6,16.6784441684,16.8,16.7486726048,22.2,19.8430299944,23.8,22.8782698414,23.3,23.2834935873,22.8,23.4650099678,22.1,22.2053273673,21.7,20.9180168653,21.5,21.1220577078,22.2,20.9704819823,22.5,20.7368390369,21.8,20.4471776848,21.3,20.1103694907,21.4,19.8405982094,21.0,19.5532669709,20.6,19.2545812075,20.1,18.896536466,19.8,18.6075545924,19.6,18.4242631148,19.2
